layer_id,time_mean,layer_name,unit,Percentage_of_Total_Time
0,0,Input OpId_2 ,cycles,0.0
1,602878,model_0_conv_Conv,cycles,0.021161
2,0,model_0_act_Sigmoid,cycles,0.0
3,995249,model_0_act_Mul,cycles,0.034933
4,470930,model_1_conv_Conv,cycles,0.01653
5,0,model_1_act_Sigmoid,cycles,0.0
6,464185,model_1_act_Mul,cycles,0.016293
7,38770,model_2_cv1_conv_Conv,cycles,0.001361
8,0,model_2_cv1_act_Sigmoid,cycles,0.0
9,450504,model_2_cv1_act_Mul,cycles,0.015813
10,102590,model_2_Slice,cycles,0.003601
11,88449,model_2_Slice_1,cycles,0.003105
12,84649,model_2_m_0_cv1_conv_Conv,cycles,0.002971
13,0,model_2_m_0_cv1_act_Sigmoid,cycles,0.0
14,247591,model_2_m_0_cv1_act_Mul,cycles,0.00869
15,83340,model_2_m_0_cv2_conv_Conv,cycles,0.002925
16,0,model_2_m_0_cv2_act_Sigmoid,cycles,0.0
17,236129,model_2_m_0_cv2_act_Mul,cycles,0.008288
18,222301,model_2_m_0_Add,cycles,0.007803
19,84788,model_2_m_1_cv1_conv_Conv,cycles,0.002976
20,0,model_2_m_1_cv1_act_Sigmoid,cycles,0.0
21,241751,model_2_m_1_cv1_act_Mul,cycles,0.008485
22,83265,model_2_m_1_cv2_conv_Conv,cycles,0.002923
23,0,model_2_m_1_cv2_act_Sigmoid,cycles,0.0
24,251216,model_2_m_1_cv2_act_Mul,cycles,0.008818
25,231602,model_2_m_1_Add,cycles,0.008129
26,83961,model_2_m_2_cv1_conv_Conv,cycles,0.002947
27,0,model_2_m_2_cv1_act_Sigmoid,cycles,0.0
28,241074,model_2_m_2_cv1_act_Mul,cycles,0.008462
29,83417,model_2_m_2_cv2_conv_Conv,cycles,0.002928
30,0,model_2_m_2_cv2_act_Sigmoid,cycles,0.0
31,233258,model_2_m_2_cv2_act_Mul,cycles,0.008187
32,120362,model_2_m_2_Add,cycles,0.004225
33,0,model_2_Concat,cycles,0.0
34,95348,model_2_cv2_conv_Conv,cycles,0.003347
35,0,model_2_cv2_act_Sigmoid,cycles,0.0
36,513620,model_2_cv2_act_Mul,cycles,0.018028
37,332828,model_3_conv_Conv,cycles,0.011682
38,0,model_3_act_Sigmoid,cycles,0.0
39,251574,model_3_act_Mul,cycles,0.00883
40,36735,model_4_cv1_conv_Conv,cycles,0.001289
41,0,model_4_cv1_act_Sigmoid,cycles,0.0
42,239561,model_4_cv1_act_Mul,cycles,0.008409
43,45606,model_4_Slice,cycles,0.001601
44,49300,model_4_Slice_1,cycles,0.00173
45,89990,model_4_m_0_cv1_conv_Conv,cycles,0.003159
46,0,model_4_m_0_cv1_act_Sigmoid,cycles,0.0
47,164026,model_4_m_0_cv1_act_Mul,cycles,0.005757
48,85017,model_4_m_0_cv2_conv_Conv,cycles,0.002984
49,0,model_4_m_0_cv2_act_Sigmoid,cycles,0.0
50,152051,model_4_m_0_cv2_act_Mul,cycles,0.005337
51,124008,model_4_m_0_Add,cycles,0.004353
52,91230,model_4_m_1_cv1_conv_Conv,cycles,0.003202
53,0,model_4_m_1_cv1_act_Sigmoid,cycles,0.0
54,144022,model_4_m_1_cv1_act_Mul,cycles,0.005055
55,82667,model_4_m_1_cv2_conv_Conv,cycles,0.002902
56,0,model_4_m_1_cv2_act_Sigmoid,cycles,0.0
57,134415,model_4_m_1_cv2_act_Mul,cycles,0.004718
58,128416,model_4_m_1_Add,cycles,0.004507
59,90981,model_4_m_2_cv1_conv_Conv,cycles,0.003193
60,0,model_4_m_2_cv1_act_Sigmoid,cycles,0.0
61,144341,model_4_m_2_cv1_act_Mul,cycles,0.005066
62,86991,model_4_m_2_cv2_conv_Conv,cycles,0.003053
63,0,model_4_m_2_cv2_act_Sigmoid,cycles,0.0
64,142703,model_4_m_2_cv2_act_Mul,cycles,0.005009
65,134133,model_4_m_2_Add,cycles,0.004708
66,90264,model_4_m_3_cv1_conv_Conv,cycles,0.003168
67,0,model_4_m_3_cv1_act_Sigmoid,cycles,0.0
68,161587,model_4_m_3_cv1_act_Mul,cycles,0.005672
69,89382,model_4_m_3_cv2_conv_Conv,cycles,0.003137
70,0,model_4_m_3_cv2_act_Sigmoid,cycles,0.0
71,150038,model_4_m_3_cv2_act_Mul,cycles,0.005266
72,135868,model_4_m_3_Add,cycles,0.004769
73,89924,model_4_m_4_cv1_conv_Conv,cycles,0.003156
74,0,model_4_m_4_cv1_act_Sigmoid,cycles,0.0
75,155087,model_4_m_4_cv1_act_Mul,cycles,0.005444
76,81086,model_4_m_4_cv2_conv_Conv,cycles,0.002846
77,0,model_4_m_4_cv2_act_Sigmoid,cycles,0.0
78,147865,model_4_m_4_cv2_act_Mul,cycles,0.00519
79,144984,model_4_m_4_Add,cycles,0.005089
80,89170,model_4_m_5_cv1_conv_Conv,cycles,0.00313
81,0,model_4_m_5_cv1_act_Sigmoid,cycles,0.0
82,147748,model_4_m_5_cv1_act_Mul,cycles,0.005186
83,86795,model_4_m_5_cv2_conv_Conv,cycles,0.003046
84,0,model_4_m_5_cv2_act_Sigmoid,cycles,0.0
85,146456,model_4_m_5_cv2_act_Mul,cycles,0.005141
86,62107,model_4_m_5_Add,cycles,0.00218
87,0,model_4_Concat,cycles,0.0
88,141173,model_4_cv2_conv_Conv,cycles,0.004955
89,0,model_4_cv2_act_Sigmoid,cycles,0.0
90,568369,model_4_cv2_act_Mul,cycles,0.01995
91,279383,model_5_conv_Conv,cycles,0.009806
92,0,model_5_act_Sigmoid,cycles,0.0
93,130666,model_5_act_Mul,cycles,0.004586
94,40145,model_6_cv1_conv_Conv,cycles,0.001409
95,0,model_6_cv1_act_Sigmoid,cycles,0.0
96,138506,model_6_cv1_act_Mul,cycles,0.004862
97,21821,model_6_Slice,cycles,0.000766
98,23731,model_6_Slice_1,cycles,0.000833
99,87322,model_6_m_0_cv1_conv_Conv,cycles,0.003065
100,0,model_6_m_0_cv1_act_Sigmoid,cycles,0.0
101,87658,model_6_m_0_cv1_act_Mul,cycles,0.003077
102,100636,model_6_m_0_cv2_conv_Conv,cycles,0.003532
103,0,model_6_m_0_cv2_act_Sigmoid,cycles,0.0
104,84641,model_6_m_0_cv2_act_Mul,cycles,0.002971
105,57500,model_6_m_0_Add,cycles,0.002018
106,102067,model_6_m_1_cv1_conv_Conv,cycles,0.003583
107,0,model_6_m_1_cv1_act_Sigmoid,cycles,0.0
108,89699,model_6_m_1_cv1_act_Mul,cycles,0.003148
109,88691,model_6_m_1_cv2_conv_Conv,cycles,0.003113
110,0,model_6_m_1_cv2_act_Sigmoid,cycles,0.0
111,83525,model_6_m_1_cv2_act_Mul,cycles,0.002932
112,55224,model_6_m_1_Add,cycles,0.001938
113,101943,model_6_m_2_cv1_conv_Conv,cycles,0.003578
114,0,model_6_m_2_cv1_act_Sigmoid,cycles,0.0
115,89849,model_6_m_2_cv1_act_Mul,cycles,0.003154
116,86701,model_6_m_2_cv2_conv_Conv,cycles,0.003043
117,0,model_6_m_2_cv2_act_Sigmoid,cycles,0.0
118,82080,model_6_m_2_cv2_act_Mul,cycles,0.002881
119,55051,model_6_m_2_Add,cycles,0.001932
120,101987,model_6_m_3_cv1_conv_Conv,cycles,0.00358
121,0,model_6_m_3_cv1_act_Sigmoid,cycles,0.0
122,89388,model_6_m_3_cv1_act_Mul,cycles,0.003138
123,100913,model_6_m_3_cv2_conv_Conv,cycles,0.003542
124,0,model_6_m_3_cv2_act_Sigmoid,cycles,0.0
125,85025,model_6_m_3_cv2_act_Mul,cycles,0.002984
126,57531,model_6_m_3_Add,cycles,0.002019
127,101983,model_6_m_4_cv1_conv_Conv,cycles,0.00358
128,0,model_6_m_4_cv1_act_Sigmoid,cycles,0.0
129,89936,model_6_m_4_cv1_act_Mul,cycles,0.003157
130,90282,model_6_m_4_cv2_conv_Conv,cycles,0.003169
131,0,model_6_m_4_cv2_act_Sigmoid,cycles,0.0
132,83515,model_6_m_4_cv2_act_Mul,cycles,0.002931
133,60014,model_6_m_4_Add,cycles,0.002106
134,117154,model_6_m_5_cv1_conv_Conv,cycles,0.004112
135,0,model_6_m_5_cv1_act_Sigmoid,cycles,0.0
136,84839,model_6_m_5_cv1_act_Mul,cycles,0.002978
137,85994,model_6_m_5_cv2_conv_Conv,cycles,0.003018
138,0,model_6_m_5_cv2_act_Sigmoid,cycles,0.0
139,83940,model_6_m_5_cv2_act_Mul,cycles,0.002946
140,29919,model_6_m_5_Add,cycles,0.00105
141,0,model_6_Concat,cycles,0.0
142,139814,model_6_cv2_conv_Conv,cycles,0.004907
143,0,model_6_cv2_act_Sigmoid,cycles,0.0
144,303458,model_6_cv2_act_Mul,cycles,0.010651
145,228116,model_7_conv_Conv,cycles,0.008007
146,0,model_7_act_Sigmoid,cycles,0.0
147,43751,model_7_act_Mul,cycles,0.001536
148,13508,model_8_cv1_conv_Conv,cycles,0.000474
149,0,model_8_cv1_act_Sigmoid,cycles,0.0
150,40624,model_8_cv1_act_Mul,cycles,0.001426
151,8141,model_8_Slice,cycles,0.000286
152,9028,model_8_Slice_1,cycles,0.000317
153,45842,model_8_m_0_cv1_conv_Conv,cycles,0.001609
154,0,model_8_m_0_cv1_act_Sigmoid,cycles,0.0
155,26489,model_8_m_0_cv1_act_Mul,cycles,0.00093
156,38268,model_8_m_0_cv2_conv_Conv,cycles,0.001343
157,0,model_8_m_0_cv2_act_Sigmoid,cycles,0.0
158,28633,model_8_m_0_cv2_act_Mul,cycles,0.001005
159,21089,model_8_m_0_Add,cycles,0.00074
160,39437,model_8_m_1_cv1_conv_Conv,cycles,0.001384
161,0,model_8_m_1_cv1_act_Sigmoid,cycles,0.0
162,27892,model_8_m_1_cv1_act_Mul,cycles,0.000979
163,36309,model_8_m_1_cv2_conv_Conv,cycles,0.001274
164,0,model_8_m_1_cv2_act_Sigmoid,cycles,0.0
165,28991,model_8_m_1_cv2_act_Mul,cycles,0.001018
166,20972,model_8_m_1_Add,cycles,0.000736
167,38211,model_8_m_2_cv1_conv_Conv,cycles,0.001341
168,0,model_8_m_2_cv1_act_Sigmoid,cycles,0.0
169,29153,model_8_m_2_cv1_act_Mul,cycles,0.001023
170,37573,model_8_m_2_cv2_conv_Conv,cycles,0.001319
171,0,model_8_m_2_cv2_act_Sigmoid,cycles,0.0
172,28548,model_8_m_2_cv2_act_Mul,cycles,0.001002
173,10669,model_8_m_2_Add,cycles,0.000374
174,0,model_8_Concat,cycles,0.0
175,32039,model_8_cv2_conv_Conv,cycles,0.001125
176,0,model_8_cv2_act_Sigmoid,cycles,0.0
177,48793,model_8_cv2_act_Mul,cycles,0.001713
178,7240,model_9_cv1_conv_Conv,cycles,0.000254
179,0,model_9_cv1_act_Sigmoid,cycles,0.0
180,22090,model_9_cv1_act_Mul,cycles,0.000775
181,54903,model_9_m_MaxPool,cycles,0.001927
182,35531,model_9_m_1_MaxPool,cycles,0.001247
183,41966,model_9_m_2_MaxPool,cycles,0.001473
184,0,model_9_Concat,cycles,0.0
185,26196,model_9_cv2_conv_Conv,cycles,0.000919
186,0,model_9_cv2_act_Sigmoid,cycles,0.0
187,83344,model_9_cv2_act_Mul,cycles,0.002925
188,70887,model_10_Resize,cycles,0.002488
189,0,model_11_Concat,cycles,0.0
190,71167,model_12_cv1_conv_Conv,cycles,0.002498
191,0,model_12_cv1_act_Sigmoid,cycles,0.0
192,131308,model_12_cv1_act_Mul,cycles,0.004609
193,20504,model_12_Slice,cycles,0.00072
194,23505,model_12_Slice_1,cycles,0.000825
195,86567,model_12_m_0_cv1_conv_Conv,cycles,0.003038
196,0,model_12_m_0_cv1_act_Sigmoid,cycles,0.0
197,87858,model_12_m_0_cv1_act_Mul,cycles,0.003084
198,88045,model_12_m_0_cv2_conv_Conv,cycles,0.00309
199,0,model_12_m_0_cv2_act_Sigmoid,cycles,0.0
200,158590,model_12_m_0_cv2_act_Mul,cycles,0.005566
201,86527,model_12_m_1_cv1_conv_Conv,cycles,0.003037
202,0,model_12_m_1_cv1_act_Sigmoid,cycles,0.0
203,87384,model_12_m_1_cv1_act_Mul,cycles,0.003067
204,93346,model_12_m_1_cv2_conv_Conv,cycles,0.003276
205,0,model_12_m_1_cv2_act_Sigmoid,cycles,0.0
206,166391,model_12_m_1_cv2_act_Mul,cycles,0.00584
207,86595,model_12_m_2_cv1_conv_Conv,cycles,0.003039
208,0,model_12_m_2_cv1_act_Sigmoid,cycles,0.0
209,82516,model_12_m_2_cv1_act_Mul,cycles,0.002896
210,94631,model_12_m_2_cv2_conv_Conv,cycles,0.003322
211,0,model_12_m_2_cv2_act_Sigmoid,cycles,0.0
212,82371,model_12_m_2_cv2_act_Mul,cycles,0.002891
213,0,model_12_Concat,cycles,0.0
214,73979,model_12_cv2_conv_Conv,cycles,0.002597
215,0,model_12_cv2_act_Sigmoid,cycles,0.0
216,141070,model_12_cv2_act_Mul,cycles,0.004952
217,125942,model_13_Resize,cycles,0.004421
218,0,model_14_Concat,cycles,0.0
219,97608,model_15_cv1_conv_Conv,cycles,0.003426
220,0,model_15_cv1_act_Sigmoid,cycles,0.0
221,247722,model_15_cv1_act_Mul,cycles,0.008695
222,56417,model_15_Slice,cycles,0.00198
223,50432,model_15_Slice_1,cycles,0.00177
224,86199,model_15_m_0_cv1_conv_Conv,cycles,0.003026
225,0,model_15_m_0_cv1_act_Sigmoid,cycles,0.0
226,141880,model_15_m_0_cv1_act_Mul,cycles,0.00498
227,80696,model_15_m_0_cv2_conv_Conv,cycles,0.002832
228,0,model_15_m_0_cv2_act_Sigmoid,cycles,0.0
229,273156,model_15_m_0_cv2_act_Mul,cycles,0.009588
230,80756,model_15_m_1_cv1_conv_Conv,cycles,0.002835
231,0,model_15_m_1_cv1_act_Sigmoid,cycles,0.0
232,159524,model_15_m_1_cv1_act_Mul,cycles,0.005599
233,89004,model_15_m_1_cv2_conv_Conv,cycles,0.003124
234,0,model_15_m_1_cv2_act_Sigmoid,cycles,0.0
235,328044,model_15_m_1_cv2_act_Mul,cycles,0.011514
236,89207,model_15_m_2_cv1_conv_Conv,cycles,0.003131
237,0,model_15_m_2_cv1_act_Sigmoid,cycles,0.0
238,157537,model_15_m_2_cv1_act_Mul,cycles,0.00553
239,80830,model_15_m_2_cv2_conv_Conv,cycles,0.002837
240,0,model_15_m_2_cv2_act_Sigmoid,cycles,0.0
241,156381,model_15_m_2_cv2_act_Mul,cycles,0.005489
242,0,model_15_Concat,cycles,0.0
243,81572,model_15_cv2_conv_Conv,cycles,0.002863
244,0,model_15_cv2_act_Sigmoid,cycles,0.0
245,317809,model_15_cv2_act_Mul,cycles,0.011155
246,199246,model_16_conv_Conv,cycles,0.006994
247,75778,model_22_cv2_0_cv2_0_0_conv_Conv,cycles,0.00266
248,296933,model_22_cv3_0_cv3_0_0_conv_Conv,cycles,0.010422
249,0,model_16_act_Sigmoid,cycles,0.0
250,0,model_22_cv2_0_cv2_0_0_act_Sigmoid,cycles,0.0
251,0,model_22_cv3_0_cv3_0_0_act_Sigmoid,cycles,0.0
252,71429,model_16_act_Mul,cycles,0.002507
253,90703,model_22_cv2_0_cv2_0_0_act_Mul,cycles,0.003184
254,336290,model_22_cv3_0_cv3_0_0_act_Mul,cycles,0.011804
255,0,model_17_Concat,cycles,0.0
256,22523,model_22_cv2_0_cv2_0_1_conv_Conv,cycles,0.000791
257,321882,model_22_cv3_0_cv3_0_1_conv_Conv,cycles,0.011298
258,50415,model_18_cv1_conv_Conv,cycles,0.00177
259,0,model_22_cv2_0_cv2_0_1_act_Sigmoid,cycles,0.0
260,0,model_22_cv3_0_cv3_0_1_act_Sigmoid,cycles,0.0
261,0,model_18_cv1_act_Sigmoid,cycles,0.0
262,74822,model_22_cv2_0_cv2_0_1_act_Mul,cycles,0.002626
263,332757,model_22_cv3_0_cv3_0_1_act_Mul,cycles,0.01168
264,138427,model_18_cv1_act_Mul,cycles,0.004859
265,4970,model_22_cv2_0_cv2_0_2_Conv,cycles,0.000174
266,230716,model_22_cv2_0_cv2_0_2_Conv_nchw,cycles,0.008098
267,211474,model_22_cv3_0_cv3_0_2_Conv,cycles,0.007423
268,25399,model_18_Slice,cycles,0.000892
269,24526,model_18_Slice_1,cycles,0.000861
270,29823,model_22_Reshape,cycles,0.001047
271,333182,model_22_Sigmoid,cycles,0.011695
272,87700,model_18_m_0_cv1_conv_Conv,cycles,0.003078
273,108889,model_22_Transpose,cycles,0.003822
274,232913,model_22_ReduceMax,cycles,0.008175
275,0,model_18_m_0_cv1_act_Sigmoid,cycles,0.0
276,517431,model_22_Softmax,cycles,0.018162
277,88913,model_18_m_0_cv1_act_Mul,cycles,0.003121
278,36447,model_22_Transpose_1,cycles,0.001279
279,89433,model_18_m_0_cv2_conv_Conv,cycles,0.003139
280,11104,model_22_proj_conv_Conv,cycles,0.00039
281,0,model_18_m_0_cv2_act_Sigmoid,cycles,0.0
282,0,model_22_Gather_pre_reshape_nchw,cycles,0.0
283,56116,Reshape_post__model_22_Gather,cycles,0.00197
284,15613,model_22_Reshape_1_nhwc,cycles,0.000548
285,180836,model_18_m_0_cv2_act_Mul,cycles,0.006347
286,102690,model_18_m_1_cv1_conv_Conv,cycles,0.003604
287,81357,model_22_Concat,cycles,0.002856
288,0,model_18_m_1_cv1_act_Sigmoid,cycles,0.0
289,89352,model_18_m_1_cv1_act_Mul,cycles,0.003136
290,90080,model_18_m_1_cv2_conv_Conv,cycles,0.003162
291,0,model_18_m_1_cv2_act_Sigmoid,cycles,0.0
292,180799,model_18_m_1_cv2_act_Mul,cycles,0.006346
293,99652,model_18_m_2_cv1_conv_Conv,cycles,0.003498
294,0,model_18_m_2_cv1_act_Sigmoid,cycles,0.0
295,88765,model_18_m_2_cv1_act_Mul,cycles,0.003116
296,91600,model_18_m_2_cv2_conv_Conv,cycles,0.003215
297,0,model_18_m_2_cv2_act_Sigmoid,cycles,0.0
298,87407,model_18_m_2_cv2_act_Mul,cycles,0.003068
299,0,model_18_Concat,cycles,0.0
300,87506,model_18_cv2_conv_Conv,cycles,0.003071
301,0,model_18_cv2_act_Sigmoid,cycles,0.0
302,160878,model_18_cv2_act_Mul,cycles,0.005647
303,219449,model_19_conv_Conv,cycles,0.007703
304,44270,model_22_cv2_1_cv2_1_0_conv_Conv,cycles,0.001554
305,173850,model_22_cv3_1_cv3_1_0_conv_Conv,cycles,0.006102
306,0,model_19_act_Sigmoid,cycles,0.0
307,0,model_22_cv2_1_cv2_1_0_act_Sigmoid,cycles,0.0
308,0,model_22_cv3_1_cv3_1_0_act_Sigmoid,cycles,0.0
309,43921,model_19_act_Mul,cycles,0.001542
310,17412,model_22_cv2_1_cv2_1_0_act_Mul,cycles,0.000611
311,87915,model_22_cv3_1_cv3_1_0_act_Mul,cycles,0.003086
312,0,model_20_Concat,cycles,0.0
313,7059,model_22_cv2_1_cv2_1_1_conv_Conv,cycles,0.000248
314,97901,model_22_cv3_1_cv3_1_1_conv_Conv,cycles,0.003436
315,25225,model_21_cv1_conv_Conv,cycles,0.000885
316,0,model_22_cv2_1_cv2_1_1_act_Sigmoid,cycles,0.0
317,0,model_22_cv3_1_cv3_1_1_act_Sigmoid,cycles,0.0
318,0,model_21_cv1_act_Sigmoid,cycles,0.0
319,18485,model_22_cv2_1_cv2_1_1_act_Mul,cycles,0.000649
320,85263,model_22_cv3_1_cv3_1_1_act_Mul,cycles,0.002993
321,44494,model_21_cv1_act_Mul,cycles,0.001562
322,1952,model_22_cv2_1_cv2_1_2_Conv,cycles,0.000069
323,16650,model_22_cv2_1_cv2_1_2_Conv_nchw,cycles,0.000584
324,4911,model_22_cv3_1_cv3_1_2_Conv,cycles,0.000172
325,10501,model_21_Slice,cycles,0.000369
326,9441,model_21_Slice_1,cycles,0.000331
327,34016,model_22_Reshape_2,cycles,0.001194
328,147616,model_22_Sigmoid_1,cycles,0.005181
329,39101,model_21_m_0_cv1_conv_Conv,cycles,0.001372
330,25422,model_22_Transpose_2,cycles,0.000892
331,58931,model_22_ReduceMax_1,cycles,0.002068
332,0,model_21_m_0_cv1_act_Sigmoid,cycles,0.0
333,125867,model_22_Softmax_1,cycles,0.004418
334,28886,model_21_m_0_cv1_act_Mul,cycles,0.001014
335,11797,model_22_Transpose_3,cycles,0.000414
336,37717,model_21_m_0_cv2_conv_Conv,cycles,0.001324
337,2145,model_22_proj_conv_1_Conv,cycles,0.000075
338,0,model_21_m_0_cv2_act_Sigmoid,cycles,0.0
339,0,model_22_Gather_1_pre_reshape_nchw,cycles,0.0
340,14068,Reshape_post__model_22_Gather_1,cycles,0.000494
341,2303,model_22_Reshape_3_nhwc,cycles,0.000081
342,52884,model_21_m_0_cv2_act_Mul,cycles,0.001856
343,36903,model_21_m_1_cv1_conv_Conv,cycles,0.001295
344,20187,model_22_Concat_1,cycles,0.000709
345,0,model_21_m_1_cv1_act_Sigmoid,cycles,0.0
346,26841,model_21_m_1_cv1_act_Mul,cycles,0.000942
347,36770,model_21_m_1_cv2_conv_Conv,cycles,0.001291
348,0,model_21_m_1_cv2_act_Sigmoid,cycles,0.0
349,56870,model_21_m_1_cv2_act_Mul,cycles,0.001996
350,35956,model_21_m_2_cv1_conv_Conv,cycles,0.001262
351,0,model_21_m_2_cv1_act_Sigmoid,cycles,0.0
352,27116,model_21_m_2_cv1_act_Mul,cycles,0.000952
353,37566,model_21_m_2_cv2_conv_Conv,cycles,0.001319
354,0,model_21_m_2_cv2_act_Sigmoid,cycles,0.0
355,29497,model_21_m_2_cv2_act_Mul,cycles,0.001035
356,0,model_21_Concat,cycles,0.0
357,30910,model_21_cv2_conv_Conv,cycles,0.001085
358,0,model_21_cv2_act_Sigmoid,cycles,0.0
359,44704,model_21_cv2_act_Mul,cycles,0.001569
360,20568,model_22_cv2_2_cv2_2_0_conv_Conv,cycles,0.000722
361,66206,model_22_cv3_2_cv3_2_0_conv_Conv,cycles,0.002324
362,0,model_22_cv2_2_cv2_2_0_act_Sigmoid,cycles,0.0
363,0,model_22_cv3_2_cv3_2_0_act_Sigmoid,cycles,0.0
364,10041,model_22_cv2_2_cv2_2_0_act_Mul,cycles,0.000352
365,28098,model_22_cv3_2_cv3_2_0_act_Mul,cycles,0.000986
366,3722,model_22_cv2_2_cv2_2_1_conv_Conv,cycles,0.000131
367,37120,model_22_cv3_2_cv3_2_1_conv_Conv,cycles,0.001303
368,0,model_22_cv2_2_cv2_2_1_act_Sigmoid,cycles,0.0
369,0,model_22_cv3_2_cv3_2_1_act_Sigmoid,cycles,0.0
370,7461,model_22_cv2_2_cv2_2_1_act_Mul,cycles,0.000262
371,31998,model_22_cv3_2_cv3_2_1_act_Mul,cycles,0.001123
372,1193,model_22_cv2_2_cv2_2_2_Conv,cycles,0.000042
373,5126,model_22_cv2_2_cv2_2_2_Conv_nchw,cycles,0.00018
374,14825,model_22_cv3_2_cv3_2_2_Conv,cycles,0.00052
375,12174,model_22_Reshape_4,cycles,0.000427
376,26917,model_22_Sigmoid_2,cycles,0.000945
377,6816,model_22_Transpose_4,cycles,0.000239
378,19818,model_22_ReduceMax_2,cycles,0.000696
379,34296,model_22_Softmax_2,cycles,0.001204
380,2124,model_22_Transpose_5,cycles,0.000075
381,1050,model_22_proj_conv_2_Conv,cycles,0.000037
382,0,model_22_Gather_2_pre_reshape_nchw,cycles,0.0
383,3071,Reshape_post__model_22_Gather_2,cycles,0.000108
384,2098,model_22_Reshape_5_nhwc,cycles,0.000074
385,5898,model_22_Concat_2,cycles,0.000207
386,50393,Output OpId_3 ,cycles,0.001769
