layer_name,max_abs_diff,MSE,cos_sim,mean_absolute_percentage_error
split_0_images,0.0,0.0,1.0,0.0
normalized_images,0.0,0.0,1.0,0.0
model_0_conv_Conv,0.040283,0.00002,0.999993,0.0219
model_0_act_Sigmoid,0.00975,1e-6,0.999992,0.0254
model_0_act_Mul,0.041173,0.00001,0.999993,0.0457
model_1_conv_Conv,0.061216,0.000014,0.999993,0.0121
model_1_act_Sigmoid,0.012255,0.0,0.999991,0.0294
model_1_act_Mul,0.051444,7e-6,0.999993,0.0408
model_2_cv1_conv_Conv,0.04957,8e-6,0.999993,0.0167
model_2_cv1_act_Sigmoid,0.010564,0.0,1.000001,0.0172
model_2_cv1_act_Mul,0.04023,3e-6,0.999994,0.0332
model_2_Slice,0.04023,5e-6,0.999994,0.0434
model_2_Slice_1,0.011828,1e-6,0.999995,0.0229
model_2_m_0_cv1_conv_Conv,0.026873,8e-6,0.999993,0.0618
model_2_m_0_cv1_act_Sigmoid,0.006141,0.0,0.999997,0.0072
model_2_m_0_cv1_act_Mul,0.025347,4e-6,0.999992,0.0452
model_2_m_0_cv2_conv_Conv,0.023036,7e-6,0.999993,0.0155
model_2_m_0_cv2_act_Sigmoid,0.005283,0.0,0.999995,0.0019
model_2_m_0_cv2_act_Mul,0.020395,3e-6,0.999993,0.0163
model_2_m_0_Add,0.021313,5e-6,0.999994,0.0142
model_2_m_1_cv1_conv_Conv,0.024374,0.000012,0.999992,0.0529
model_2_m_1_cv1_act_Sigmoid,0.005708,1e-6,0.999989,0.0029
model_2_m_1_cv1_act_Mul,0.022786,3e-6,0.999992,0.053
model_2_m_1_cv2_conv_Conv,0.035692,0.000013,0.999992,0.0231
model_2_m_1_cv2_act_Sigmoid,0.008318,1e-6,0.999996,0.003
model_2_m_1_cv2_act_Mul,0.032094,5e-6,0.999993,0.0248
model_2_m_1_Add,0.031547,9e-6,0.999993,0.0168
model_2_m_2_cv1_conv_Conv,0.014968,5e-6,0.999992,0.0171
model_2_m_2_cv1_act_Sigmoid,0.003514,0.0,0.999995,0.0015
model_2_m_2_cv1_act_Mul,0.012193,1e-6,0.999987,0.0172
model_2_m_2_cv2_conv_Conv,0.04684,0.000033,0.99999,0.0292
model_2_m_2_cv2_act_Sigmoid,0.010248,1e-6,0.999994,0.0064
model_2_m_2_cv2_act_Mul,0.04109,0.000014,0.999992,0.0334
model_2_m_2_Add,0.048849,0.000023,0.999993,0.0167
model_2_Concat,0.049689,8e-6,0.999984,0.0228
model_2_cv2_conv_Conv,0.024047,6e-6,0.99999,0.0227
model_2_cv2_act_Sigmoid,0.005069,0.0,0.999987,0.0018
model_2_cv2_act_Mul,0.017972,1e-6,0.999992,0.0213
model_3_conv_Conv,0.020541,5e-6,0.999991,0.0397
model_3_act_Sigmoid,0.004821,0.0,0.999988,0.0012
model_3_act_Mul,0.016927,1e-6,0.999994,0.0325
model_4_cv1_conv_Conv,0.048061,0.00001,0.999991,0.0215
model_4_cv1_act_Sigmoid,0.011576,0.0,0.999991,0.0013
model_4_cv1_act_Mul,0.041797,5e-6,0.99999,0.0226
model_4_Slice,0.041797,8e-6,0.999992,0.0254
model_4_Slice_1,0.00914,1e-6,0.999997,0.0198
model_4_m_0_cv1_conv_Conv,0.017833,4e-6,0.999995,0.0167
model_4_m_0_cv1_act_Sigmoid,0.004092,0.0,0.999995,0.0015
model_4_m_0_cv1_act_Mul,0.013314,1e-6,0.99999,0.0188
model_4_m_0_cv2_conv_Conv,0.01166,2e-6,0.999994,0.0163
model_4_m_0_cv2_act_Sigmoid,0.002827,0.0,0.999999,0.0008
model_4_m_0_cv2_act_Mul,0.009267,0.0,0.999997,0.0163
model_4_m_0_Add,0.010581,1e-6,0.999995,0.0156
model_4_m_1_cv1_conv_Conv,0.021896,7e-6,0.999994,0.0121
model_4_m_1_cv1_act_Sigmoid,0.004933,0.0,0.999992,0.0022
model_4_m_1_cv1_act_Mul,0.018412,1e-6,0.999998,0.0125
model_4_m_1_cv2_conv_Conv,0.017354,2e-6,0.999994,0.0319
model_4_m_1_cv2_act_Sigmoid,0.004033,0.0,0.999999,0.0008
model_4_m_1_cv2_act_Mul,0.013724,1e-6,0.999996,0.0318
model_4_m_1_Add,0.015391,2e-6,0.999993,0.0179
model_4_m_2_cv1_conv_Conv,0.022379,6e-6,0.999995,0.008
model_4_m_2_cv1_act_Sigmoid,0.004775,0.0,0.999991,0.0021
model_4_m_2_cv1_act_Mul,0.02099,1e-6,0.999998,0.0084
model_4_m_2_cv2_conv_Conv,0.021209,4e-6,0.999993,0.0281
model_4_m_2_cv2_act_Sigmoid,0.004597,0.0,0.999998,0.001
model_4_m_2_cv2_act_Mul,0.020073,1e-6,0.999995,0.0282
model_4_m_2_Add,0.022164,3e-6,0.999992,0.0463
model_4_m_3_cv1_conv_Conv,0.027381,6e-6,0.999994,0.0087
model_4_m_3_cv1_act_Sigmoid,0.006069,0.0,0.999991,0.002
model_4_m_3_cv1_act_Mul,0.023561,1e-6,0.999999,0.009
model_4_m_3_cv2_conv_Conv,0.043412,8e-6,0.999991,0.0474
model_4_m_3_cv2_act_Sigmoid,0.008006,0.0,0.999998,0.0013
model_4_m_3_cv2_act_Mul,0.043539,2e-6,0.99999,0.0476
model_4_m_3_Add,0.045303,5e-6,0.999991,0.0268
model_4_m_4_cv1_conv_Conv,0.033633,0.00001,0.999994,0.0096
model_4_m_4_cv1_act_Sigmoid,0.007802,0.0,0.99999,0.0022
model_4_m_4_cv1_act_Mul,0.030496,1e-6,0.999996,0.0099
model_4_m_4_cv2_conv_Conv,0.049759,0.000018,0.999989,0.0347
model_4_m_4_cv2_act_Sigmoid,0.009994,1e-6,0.999997,0.0016
model_4_m_4_cv2_act_Mul,0.050578,6e-6,0.999985,0.0344
model_4_m_4_Add,0.058746,0.000011,0.999989,0.0252
model_4_m_5_cv1_conv_Conv,0.035074,0.000014,0.999993,0.0103
model_4_m_5_cv1_act_Sigmoid,0.008056,0.0,0.999988,0.0024
model_4_m_5_cv1_act_Mul,0.031726,1e-6,0.999994,0.0105
model_4_m_5_cv2_conv_Conv,0.09558,0.000063,0.999984,0.1408
model_4_m_5_cv2_act_Sigmoid,0.018124,2e-6,0.999995,0.0029
model_4_m_5_cv2_act_Mul,0.098629,0.00003,0.999984,0.0925
model_4_m_5_Add,0.113719,0.000044,0.999987,0.0549
model_4_Concat,0.116653,9e-6,0.999983,0.029
model_4_cv2_conv_Conv,0.059317,0.000019,0.999989,0.025
model_4_cv2_act_Sigmoid,0.011388,1e-6,0.99999,0.0022
model_4_cv2_act_Mul,0.050746,4e-6,0.999985,0.0248
model_5_conv_Conv,0.049446,0.000016,0.999991,0.0251
model_5_act_Sigmoid,0.011232,1e-6,0.999995,0.0017
model_5_act_Mul,0.044395,4e-6,0.999984,0.0249
model_6_cv1_conv_Conv,0.061829,0.000027,0.999989,0.0232
model_6_cv1_act_Sigmoid,0.011933,1e-6,0.999996,0.0021
model_6_cv1_act_Mul,0.060114,0.00001,0.99999,0.0234
model_6_Slice,0.060114,0.000018,0.99999,0.0301
model_6_Slice_1,0.036464,3e-6,0.999992,0.0166
model_6_m_0_cv1_conv_Conv,0.037917,0.000016,0.999994,0.0218
model_6_m_0_cv1_act_Sigmoid,0.008587,1e-6,0.999994,0.002
model_6_m_0_cv1_act_Mul,0.032172,3e-6,0.999992,0.0218
model_6_m_0_cv2_conv_Conv,0.028553,7e-6,0.999994,0.0383
model_6_m_0_cv2_act_Sigmoid,0.005875,0.0,0.999996,0.0012
model_6_m_0_cv2_act_Mul,0.021921,1e-6,0.999992,0.0287
model_6_m_0_Add,0.036341,4e-6,0.99999,0.0271
model_6_m_1_cv1_conv_Conv,0.036054,0.000016,0.999994,0.0173
model_6_m_1_cv1_act_Sigmoid,0.007884,1e-6,0.999993,0.0021
model_6_m_1_cv1_act_Mul,0.031819,3e-6,0.99999,0.0172
model_6_m_1_cv2_conv_Conv,0.038692,0.000013,0.999993,0.0261
model_6_m_1_cv2_act_Sigmoid,0.008818,1e-6,0.999994,0.0016
model_6_m_1_cv2_act_Mul,0.031134,2e-6,0.999991,0.0254
model_6_m_1_Add,0.04241,6e-6,0.999989,0.0252
model_6_m_2_cv1_conv_Conv,0.036912,0.000019,0.999993,0.0191
model_6_m_2_cv1_act_Sigmoid,0.008756,1e-6,0.999992,0.0023
model_6_m_2_cv1_act_Mul,0.0331,3e-6,0.999988,0.019
model_6_m_2_cv2_conv_Conv,0.045515,0.000018,0.999991,0.0226
model_6_m_2_cv2_act_Sigmoid,0.009988,1e-6,0.999993,0.0019
model_6_m_2_cv2_act_Mul,0.038685,3e-6,0.999987,0.0223
model_6_m_2_Add,0.048252,8e-6,0.999989,0.0274
model_6_m_3_cv1_conv_Conv,0.043211,0.000021,0.999993,0.113
model_6_m_3_cv1_act_Sigmoid,0.010071,1e-6,0.999991,0.0024
model_6_m_3_cv1_act_Mul,0.038027,3e-6,0.999987,0.0647
model_6_m_3_cv2_conv_Conv,0.049619,0.000022,0.99999,0.0292
model_6_m_3_cv2_act_Sigmoid,0.010469,1e-6,0.999993,0.002
model_6_m_3_cv2_act_Mul,0.038676,4e-6,0.999986,0.0286
model_6_m_3_Add,0.051904,0.000012,0.999988,0.0251
model_6_m_4_cv1_conv_Conv,0.043211,0.00002,0.999993,0.0167
model_6_m_4_cv1_act_Sigmoid,0.008767,1e-6,0.99999,0.0025
model_6_m_4_cv1_act_Mul,0.037926,2e-6,0.999988,0.0166
model_6_m_4_cv2_conv_Conv,0.056902,0.000031,0.999988,0.0352
model_6_m_4_cv2_act_Sigmoid,0.012543,1e-6,0.999993,0.0024
model_6_m_4_cv2_act_Mul,0.053576,7e-6,0.99998,0.0348
model_6_m_4_Add,0.063137,0.000018,0.999986,0.0302
model_6_m_5_cv1_conv_Conv,0.040584,0.000022,0.999993,0.0171
model_6_m_5_cv1_act_Sigmoid,0.009408,1e-6,0.99999,0.0026
model_6_m_5_cv1_act_Mul,0.030718,2e-6,0.999986,0.017
model_6_m_5_cv2_conv_Conv,0.070644,0.000057,0.999982,0.0394
model_6_m_5_cv2_act_Sigmoid,0.016345,2e-6,0.999993,0.0033
model_6_m_5_cv2_act_Mul,0.067968,0.00002,0.999978,0.0397
model_6_m_5_Add,0.07767,0.000039,0.999981,0.0422
model_6_Concat,0.078882,0.000013,0.999976,0.028
model_6_cv2_conv_Conv,0.05238,0.000027,0.999991,0.0217
model_6_cv2_act_Sigmoid,0.011697,1e-6,0.999991,0.0028
model_6_cv2_act_Mul,0.046037,4e-6,0.999978,0.0218
model_7_conv_Conv,0.034366,0.000018,0.999993,0.0277
model_7_act_Sigmoid,0.007711,1e-6,0.999994,0.0022
model_7_act_Mul,0.03171,4e-6,0.999989,0.0276
model_8_cv1_conv_Conv,0.042032,0.000023,0.999992,0.022
model_8_cv1_act_Sigmoid,0.009635,1e-6,0.999995,0.0021
model_8_cv1_act_Mul,0.038222,5e-6,0.99999,0.0217
model_8_Slice,0.038222,9e-6,0.999991,0.0301
model_8_Slice_1,0.02589,1e-6,0.999992,0.0133
model_8_m_0_cv1_conv_Conv,0.021884,8e-6,0.999996,0.021
model_8_m_0_cv1_act_Sigmoid,0.004874,0.0,0.999997,0.0016
model_8_m_0_cv1_act_Mul,0.01975,2e-6,0.999994,0.0211
model_8_m_0_cv2_conv_Conv,0.019384,6e-6,0.999996,0.046
model_8_m_0_cv2_act_Sigmoid,0.004053,0.0,0.999997,0.0013
model_8_m_0_cv2_act_Mul,0.017371,1e-6,0.999994,0.0447
model_8_m_0_Add,0.027653,3e-6,0.999993,0.0197
model_8_m_1_cv1_conv_Conv,0.019458,6e-6,0.999996,0.026
model_8_m_1_cv1_act_Sigmoid,0.003949,0.0,0.999997,0.0013
model_8_m_1_cv1_act_Mul,0.019453,2e-6,0.999995,0.0261
model_8_m_1_cv2_conv_Conv,0.020405,6e-6,0.999996,0.0205
model_8_m_1_cv2_act_Sigmoid,0.004068,0.0,0.999997,0.0012
model_8_m_1_cv2_act_Mul,0.020467,2e-6,0.999995,0.0204
model_8_m_1_Add,0.029155,4e-6,0.999994,0.0236
model_8_m_2_cv1_conv_Conv,0.018794,5e-6,0.999996,0.0209
model_8_m_2_cv1_act_Sigmoid,0.003868,0.0,0.999997,0.0012
model_8_m_2_cv1_act_Mul,0.019463,2e-6,0.999995,0.0209
model_8_m_2_cv2_conv_Conv,0.022669,9e-6,0.999996,0.0285
model_8_m_2_cv2_act_Sigmoid,0.004602,0.0,0.999997,0.0014
model_8_m_2_cv2_act_Mul,0.023612,4e-6,0.999996,0.0287
model_8_m_2_Add,0.030522,8e-6,0.999994,0.037
model_8_Concat,0.039375,5e-6,0.999991,0.0248
model_8_cv2_conv_Conv,0.023309,9e-6,0.999994,0.0368
model_8_cv2_act_Sigmoid,0.005556,0.0,0.999997,0.0014
model_8_cv2_act_Mul,0.022406,4e-6,0.999994,0.0362
model_9_cv1_conv_Conv,0.02506,6e-6,0.999996,0.0226
model_9_cv1_act_Sigmoid,0.005492,0.0,0.999998,0.0008
model_9_cv1_act_Mul,0.022532,3e-6,0.999997,0.0226
model_9_m_MaxPool,0.018172,5e-6,0.999998,0.0067
model_9_m_1_MaxPool,0.016361,6e-6,0.999998,0.0022
model_9_m_2_MaxPool,0.015365,6e-6,0.999998,0.0014
model_9_Concat,0.022532,5e-6,0.999996,0.0082
model_9_cv2_conv_Conv,0.018145,5e-6,0.999997,0.0118
model_9_cv2_act_Sigmoid,0.003845,0.0,0.999994,0.0018
model_9_cv2_act_Mul,0.018522,1e-6,0.999996,0.012
model_10_Resize,0.018522,1e-6,0.999991,0.012
model_11_Concat,0.046037,2e-6,0.999982,0.0169
model_12_cv1_conv_Conv,0.046993,0.000022,0.999991,0.0319
model_12_cv1_act_Sigmoid,0.010378,1e-6,0.999993,0.0027
model_12_cv1_act_Mul,0.040173,4e-6,0.999982,0.0327
model_12_Slice,0.039328,5e-6,0.999986,0.0399
model_12_Slice_1,0.03599,4e-6,0.999989,0.0256
model_12_m_0_cv1_conv_Conv,0.050429,0.000021,0.999992,0.0202
model_12_m_0_cv1_act_Sigmoid,0.010283,1e-6,0.999993,0.0025
model_12_m_0_cv1_act_Mul,0.045272,4e-6,0.999988,0.0203
model_12_m_0_cv2_conv_Conv,0.045246,0.000018,0.999993,0.0394
model_12_m_0_cv2_act_Sigmoid,0.00955,1e-6,0.999993,0.0023
model_12_m_0_cv2_act_Mul,0.039074,3e-6,0.999989,0.0381
model_12_m_1_cv1_conv_Conv,0.046073,0.000022,0.99999,0.0283
model_12_m_1_cv1_act_Sigmoid,0.010244,1e-6,0.999994,0.0021
model_12_m_1_cv1_act_Mul,0.041783,5e-6,0.999985,0.0281
model_12_m_1_cv2_conv_Conv,0.049115,0.000019,0.999992,0.0215
model_12_m_1_cv2_act_Sigmoid,0.011371,1e-6,0.999992,0.0022
model_12_m_1_cv2_act_Mul,0.038092,3e-6,0.999986,0.0211
model_12_m_2_cv1_conv_Conv,0.055816,0.000029,0.999986,0.0427
model_12_m_2_cv1_act_Sigmoid,0.013218,1e-6,0.999994,0.0021
model_12_m_2_cv1_act_Mul,0.047323,7e-6,0.999978,0.0383
model_12_m_2_cv2_conv_Conv,0.051936,0.000026,0.999986,0.036
model_12_m_2_cv2_act_Sigmoid,0.011401,1e-6,0.999993,0.0021
model_12_m_2_cv2_act_Mul,0.04759,5e-6,0.99998,0.0354
model_12_Concat,0.054872,4e-6,0.999981,0.032
model_12_cv2_conv_Conv,0.046141,0.000017,0.99999,0.0462
model_12_cv2_act_Sigmoid,0.010128,1e-6,0.999992,0.0022
model_12_cv2_act_Mul,0.039209,2e-6,0.999986,0.0558
model_13_Resize,0.039209,2e-6,0.999981,0.0558
model_14_Concat,0.051679,3e-6,0.999984,0.0455
model_15_cv1_conv_Conv,0.043036,0.000011,0.999988,0.0277
model_15_cv1_act_Sigmoid,0.009695,1e-6,0.999991,0.0015
model_15_cv1_act_Mul,0.036185,2e-6,0.999989,0.0276
model_15_Slice,0.03479,3e-6,0.999986,0.0306
model_15_Slice_1,0.030142,2e-6,0.999992,0.0245
model_15_m_0_cv1_conv_Conv,0.040314,0.000013,0.999992,0.0261
model_15_m_0_cv1_act_Sigmoid,0.009469,1e-6,0.999994,0.0017
model_15_m_0_cv1_act_Mul,0.031015,2e-6,0.999986,0.0259
model_15_m_0_cv2_conv_Conv,0.040992,0.000013,0.999991,0.0403
model_15_m_0_cv2_act_Sigmoid,0.009655,1e-6,0.999994,0.0017
model_15_m_0_cv2_act_Mul,0.033827,2e-6,0.999986,0.0297
model_15_m_1_cv1_conv_Conv,0.054067,0.000018,0.999989,0.031
model_15_m_1_cv1_act_Sigmoid,0.012396,1e-6,0.999994,0.0019
model_15_m_1_cv1_act_Mul,0.047147,3e-6,0.999981,0.031
model_15_m_1_cv2_conv_Conv,0.061495,0.000018,0.999988,0.0314
model_15_m_1_cv2_act_Sigmoid,0.014527,1e-6,0.999994,0.0018
model_15_m_1_cv2_act_Mul,0.048362,3e-6,0.999978,0.0307
model_15_m_2_cv1_conv_Conv,0.073138,0.000022,0.999989,0.0201
model_15_m_2_cv1_act_Sigmoid,0.015593,1e-6,0.999992,0.0021
model_15_m_2_cv1_act_Mul,0.055905,3e-6,0.999984,0.0198
model_15_m_2_cv2_conv_Conv,0.162603,0.000044,0.999977,0.0412
model_15_m_2_cv2_act_Sigmoid,0.029734,2e-6,0.999994,0.0031
model_15_m_2_cv2_act_Mul,0.109639,0.00001,0.999963,0.0416
model_15_Concat,0.109639,4e-6,0.999982,0.0314
model_15_cv2_conv_Conv,0.247666,0.000023,0.999984,0.0257
model_15_cv2_act_Sigmoid,0.040253,1e-6,0.999991,0.002
model_15_cv2_act_Mul,0.103198,2e-6,0.999975,0.0216
model_16_conv_Conv,0.081879,0.000015,0.999986,0.0255
model_16_act_Sigmoid,0.015347,1e-6,0.999995,0.0015
model_16_act_Mul,0.061533,3e-6,0.999983,0.025
model_17_Concat,0.061533,3e-6,0.999974,0.0455
model_18_cv1_conv_Conv,0.081122,0.000019,0.999986,0.0631
model_18_cv1_act_Sigmoid,0.015622,1e-6,0.999995,0.0018
model_18_cv1_act_Mul,0.064205,4e-6,0.999976,0.0602
model_18_Slice,0.058881,5e-6,0.999981,0.0764
model_18_Slice_1,0.04968,3e-6,0.999985,0.0439
model_18_m_0_cv1_conv_Conv,0.059724,0.00002,0.999989,0.036
model_18_m_0_cv1_act_Sigmoid,0.013569,1e-6,0.999994,0.002
model_18_m_0_cv1_act_Mul,0.048309,4e-6,0.999983,0.0355
model_18_m_0_cv2_conv_Conv,0.052382,0.00002,0.999989,0.0352
model_18_m_0_cv2_act_Sigmoid,0.011594,1e-6,0.999994,0.0019
model_18_m_0_cv2_act_Mul,0.047717,4e-6,0.999984,0.0355
model_18_m_1_cv1_conv_Conv,0.056354,0.000018,0.999989,0.0303
model_18_m_1_cv1_act_Sigmoid,0.011604,1e-6,0.999995,0.0017
model_18_m_1_cv1_act_Mul,0.057425,4e-6,0.999984,0.0301
model_18_m_1_cv2_conv_Conv,0.054571,0.000015,0.99999,0.0282
model_18_m_1_cv2_act_Sigmoid,0.011879,1e-6,0.999995,0.0018
model_18_m_1_cv2_act_Mul,0.045697,3e-6,0.999986,0.0278
model_18_m_2_cv1_conv_Conv,0.070883,0.000015,0.999989,0.034
model_18_m_2_cv1_act_Sigmoid,0.013568,1e-6,0.999994,0.0019
model_18_m_2_cv1_act_Mul,0.062775,3e-6,0.999982,0.034
model_18_m_2_cv2_conv_Conv,0.09095,0.000029,0.999983,0.05
model_18_m_2_cv2_act_Sigmoid,0.018388,1e-6,0.999994,0.0027
model_18_m_2_cv2_act_Mul,0.083452,9e-6,0.999978,0.0506
model_18_Concat,0.094722,5e-6,0.999976,0.0468
model_18_cv2_conv_Conv,0.14306,0.00002,0.999986,0.0355
model_18_cv2_act_Sigmoid,0.028022,1e-6,0.999994,0.0023
model_18_cv2_act_Mul,0.094056,4e-6,0.999979,0.0352
model_19_conv_Conv,0.038892,0.000011,0.99999,0.0547
model_19_act_Sigmoid,0.007966,1e-6,0.999997,0.0013
model_19_act_Mul,0.034578,3e-6,0.999989,0.0581
model_20_Concat,0.035156,2e-6,0.999992,0.0351
model_21_cv1_conv_Conv,0.030055,9e-6,0.999992,0.025
model_21_cv1_act_Sigmoid,0.006636,0.0,0.999996,0.0013
model_21_cv1_act_Mul,0.028502,2e-6,0.999992,0.0249
model_21_Slice,0.022016,3e-6,0.999991,0.026
model_21_Slice_1,0.028058,2e-6,0.999993,0.0238
model_21_m_0_cv1_conv_Conv,0.026041,9e-6,0.999995,0.0272
model_21_m_0_cv1_act_Sigmoid,0.006064,0.0,0.999997,0.0013
model_21_m_0_cv1_act_Mul,0.024139,3e-6,0.999994,0.0271
model_21_m_0_cv2_conv_Conv,0.023936,8e-6,0.999995,0.0225
model_21_m_0_cv2_act_Sigmoid,0.005033,0.0,0.999997,0.0013
model_21_m_0_cv2_act_Mul,0.023003,2e-6,0.999994,0.0225
model_21_m_1_cv1_conv_Conv,0.026145,7e-6,0.999996,0.0296
model_21_m_1_cv1_act_Sigmoid,0.005546,0.0,0.999997,0.0013
model_21_m_1_cv1_act_Mul,0.022414,2e-6,0.999995,0.0296
model_21_m_1_cv2_conv_Conv,0.020573,5e-6,0.999997,0.0228
model_21_m_1_cv2_act_Sigmoid,0.004565,0.0,0.999997,0.0013
model_21_m_1_cv2_act_Mul,0.020149,2e-6,0.999995,0.0231
model_21_m_2_cv1_conv_Conv,0.023557,6e-6,0.999997,0.0713
model_21_m_2_cv1_act_Sigmoid,0.004756,0.0,0.999997,0.0016
model_21_m_2_cv1_act_Mul,0.023384,2e-6,0.999995,0.2688
model_21_m_2_cv2_conv_Conv,0.027625,7e-6,0.999996,0.0809
model_21_m_2_cv2_act_Sigmoid,0.005655,0.0,0.999997,0.002
model_21_m_2_cv2_act_Mul,0.027129,3e-6,0.999995,0.1379
model_21_Concat,0.033563,2e-6,0.999993,0.0467
model_21_cv2_conv_Conv,0.035525,7e-6,0.999996,0.0348
model_21_cv2_act_Sigmoid,0.007045,0.0,0.999997,0.0016
model_21_cv2_act_Mul,0.028314,2e-6,0.999994,0.0354
model_22_cv2_0_cv2_0_0_conv_Conv,0.295623,0.000052,0.999981,0.0245
model_22_cv2_0_cv2_0_0_act_Sigmoid,0.05428,2e-6,0.999995,0.0026
model_22_cv2_0_cv2_0_0_act_Mul,0.186953,0.000011,0.999984,0.0247
model_22_cv2_0_cv2_0_1_conv_Conv,0.388598,0.000121,0.999979,0.0645
model_22_cv2_0_cv2_0_1_act_Sigmoid,0.084363,4e-6,0.999995,0.0028
model_22_cv2_0_cv2_0_1_act_Mul,0.340923,0.000076,0.999982,0.0636
model_22_cv2_0_cv2_0_2_Conv,0.207173,0.00002,0.999995,0.0128
model_22_Reshape,0.207173,0.00002,0.999995,0.0128
model_22_Softmax,0.035721,0.0,0.999987,0.0038
model_22_Reshape_1,0.22969,0.000099,0.999996,0.0018
model_22_cv3_0_cv3_0_0_conv_Conv,0.260533,0.000025,0.999977,0.0406
model_22_cv3_0_cv3_0_0_act_Sigmoid,0.042385,1e-6,0.999985,0.0017
model_22_cv3_0_cv3_0_0_act_Mul,0.142507,4e-6,0.999975,0.041
model_22_cv3_0_cv3_0_1_conv_Conv,0.815719,0.000081,0.999983,0.0852
model_22_cv3_0_cv3_0_1_act_Sigmoid,0.110354,2e-6,0.999989,0.0036
model_22_cv3_0_cv3_0_1_act_Mul,0.643167,0.000048,0.999987,0.0661
model_22_cv3_0_cv3_0_2_Conv,15.891898,1.627624,0.996472,0.0632
model_22_Sigmoid,0.424489,0.000018,NaN,143.8887
model_22_ReduceMax,0.004063,0.0,NaN,0.9738
model_22_cv2_1_cv2_1_0_conv_Conv,0.124853,0.000025,0.999989,0.0254
model_22_cv2_1_cv2_1_0_act_Sigmoid,0.025175,1e-6,0.999996,0.0019
model_22_cv2_1_cv2_1_0_act_Mul,0.090609,8e-6,0.999989,0.0257
model_22_cv2_1_cv2_1_1_conv_Conv,0.22911,0.000087,0.999986,0.0531
model_22_cv2_1_cv2_1_1_act_Sigmoid,0.039211,2e-6,0.999996,0.0027
model_22_cv2_1_cv2_1_1_act_Mul,0.224978,0.000062,0.999987,0.0522
model_22_cv2_1_cv2_1_2_Conv,0.123627,0.000015,0.999996,0.0098
model_22_Reshape_2,0.123627,0.000015,0.999996,0.0098
model_22_Softmax_1,0.018755,0.0,0.999991,0.0033
model_22_Reshape_3,0.136032,0.000096,0.999998,0.0015
model_22_cv3_1_cv3_1_0_conv_Conv,0.153195,0.000018,0.999986,0.0444
model_22_cv3_1_cv3_1_0_act_Sigmoid,0.024919,1e-6,0.999996,0.002
model_22_cv3_1_cv3_1_0_act_Mul,0.120793,5e-6,0.999985,0.0455
model_22_cv3_1_cv3_1_1_conv_Conv,0.363755,0.000051,0.99999,0.5617
model_22_cv3_1_cv3_1_1_act_Sigmoid,0.045662,1e-6,0.999997,0.0032
model_22_cv3_1_cv3_1_1_act_Mul,0.332912,0.000032,0.999991,0.2968
model_22_cv3_1_cv3_1_2_Conv,0.234088,0.000052,0.999998,0.0003
model_22_Sigmoid_1,0.008544,0.0,0.993911,0.9758
model_22_ReduceMax_1,0.008534,0.0,0.994393,0.9462
model_22_cv2_2_cv2_2_0_conv_Conv,0.038178,9e-6,0.999997,0.0183
model_22_cv2_2_cv2_2_0_act_Sigmoid,0.007927,0.0,0.999998,0.0015
model_22_cv2_2_cv2_2_0_act_Mul,0.037028,3e-6,0.999997,0.0186
model_22_cv2_2_cv2_2_1_conv_Conv,0.092114,0.000038,0.999997,0.029
model_22_cv2_2_cv2_2_1_act_Sigmoid,0.013098,1e-6,0.999998,0.0025
model_22_cv2_2_cv2_2_1_act_Mul,0.093164,0.000028,0.999998,0.03
model_22_cv2_2_cv2_2_2_Conv,0.036726,5e-6,0.999999,0.008
model_22_Reshape_4,0.036726,5e-6,0.999999,0.008
model_22_Softmax_2,0.006013,0.0,0.999998,0.0024
model_22_Reshape_5,0.052714,0.000052,1.0,0.0011
model_22_cv3_2_cv3_2_0_conv_Conv,0.039422,7e-6,0.999996,0.0243
model_22_cv3_2_cv3_2_0_act_Sigmoid,0.008412,0.0,0.999997,0.0016
model_22_cv3_2_cv3_2_0_act_Mul,0.035165,2e-6,0.999995,0.0247
model_22_cv3_2_cv3_2_1_conv_Conv,0.070215,0.000021,0.999997,0.02
model_22_cv3_2_cv3_2_1_act_Sigmoid,0.00943,1e-6,0.999998,0.0037
model_22_cv3_2_cv3_2_1_act_Mul,0.070563,0.000013,0.999997,0.0226
model_22_cv3_2_cv3_2_2_Conv,0.061462,0.000018,0.999999,0.0002
model_22_Sigmoid_2,0.003928,0.0,NaN,0.9887
model_22_ReduceMax_2,0.003842,1e-6,NaN,0.9345
output1_yolov6r2,0.22969,5e-6,0.999996,0.8966
output2_yolov6r2,0.136032,5e-6,0.999998,0.9296
output3_yolov6r2,0.052714,2e-6,1.0,0.9416
